ID	Assay Type	AvgSpotLen	Bases	BioProject	BioSample	BioSampleModel	Bytes	Center Name	Collection_Date	Consent	DNA_(ng)	DNA_dilution_factor	DNA_extraction_batch	DNA_extraction_blank	dna_extraction_kit	DNA_extraction_mock	env_broad_scale	Experiment	geo_loc_name_country	geo_loc_name_country_continent	geo_loc_name	Host	host_tissue_sampled	Instrument	isolate	isolation_source	latitude_and_longitude	Library Name	LibraryLayout	LibrarySelection	LibrarySource	net_pen	Organism	Platform	ReleaseDate	replicate	create_date	version	samp_collect_device	samp_mat_process	samp_size	Sample Name	sample_orignin	sample_type	SRA Study	strain	Temp
#q2:types	categorical	numeric	numeric	categorical	categorical	categorical	numeric	categorical	categorical	categorical	categorical	categorical	categorical	categorical	categorical	categorical	categorical	categorical	categorical	categorical	categorical	categorical	categorical	categorical	categorical	categorical	categorical	categorical	categorical	categorical	categorical	categorical	categorical	categorical	categorical	categorical	categorical	categorical	categorical	categorical	categorical	categorical	categorical	categorical	categorical	categorical	categorical
SRR12618555	AMPLICON	600	70501598	PRJNA660116	SAMN16090452	Metagenome or environmental	42410848	NORWEGIAN UNIVERSITY OF LIFE SCIENCE	not applicable	public	not applicable	not collected	3	3	not applicable	3	not applicable	SRX9101573	uncalculated	uncalculated	not applicable	not applicable	not applicable	Illumina MiSeq	not applicable	not applicable	not applicable	B3	PAIRED	PCR	METAGENOMIC	not applicable	metagenome	ILLUMINA	2020-09-09T00:00:00Z	not applicable	2020-09-09T15:46:00Z	1	not applicable	not applicable	[''\, '']	B3	not applicable	not applicable	SRP279301	not applicable	['not applicable'\, '']
SRR12618556	AMPLICON	599	119145272	PRJNA660116	SAMN16090451	Metagenome or environmental	79000444	NORWEGIAN UNIVERSITY OF LIFE SCIENCE	not applicable	public	not applicable	not collected	2	2	not applicable	2	not applicable	SRX9101572	uncalculated	uncalculated	not applicable	not applicable	not applicable	Illumina MiSeq	not applicable	not applicable	not applicable	B2	PAIRED	PCR	METAGENOMIC	not applicable	metagenome	ILLUMINA	2020-09-09T00:00:00Z	not applicable	2020-09-09T15:46:00Z	1	not applicable	not applicable	[''\, '']	B2	not applicable	not applicable	SRP279301	not applicable	['not applicable'\, '']
SRR12618557	AMPLICON	601	138912607	PRJNA660116	SAMN16090450	Metagenome or environmental	83327979	NORWEGIAN UNIVERSITY OF LIFE SCIENCE	not applicable	public	not applicable	not collected	9	9	not applicable	9	not applicable	SRX9101571	uncalculated	uncalculated	not applicable	not applicable	not applicable	Illumina MiSeq	not applicable	not applicable	not applicable	M9	PAIRED	PCR	METAGENOMIC	not applicable	synthetic metagenome	ILLUMINA	2020-09-09T00:00:00Z	not applicable	2020-09-09T15:46:00Z	1	not applicable	not applicable	[''\, '']	M9	not applicable	not applicable	SRP279301	not applicable	['not applicable'\, '']
SRR12618558	AMPLICON	601	79484180	PRJNA660116	SAMN16090449	Metagenome or environmental	48391218	NORWEGIAN UNIVERSITY OF LIFE SCIENCE	not applicable	public	not applicable	1	8	8	not applicable	8	not applicable	SRX9101570	uncalculated	uncalculated	not applicable	not applicable	not applicable	Illumina MiSeq	not applicable	not applicable	not applicable	M8	PAIRED	PCR	METAGENOMIC	not applicable	synthetic metagenome	ILLUMINA	2020-09-09T00:00:00Z	not applicable	2020-09-09T15:46:00Z	1	not applicable	not applicable	[''\, '']	M8	not applicable	not applicable	SRP279301	not applicable	['not applicable'\, '']
SRR12618559	AMPLICON	601	135426488	PRJNA660116	SAMN16090448	Metagenome or environmental	81673397	NORWEGIAN UNIVERSITY OF LIFE SCIENCE	not applicable	public	not applicable	1	7	7	not applicable	7	not applicable	SRX9101569	uncalculated	uncalculated	not applicable	not applicable	not applicable	Illumina MiSeq	not applicable	not applicable	not applicable	M7	PAIRED	PCR	METAGENOMIC	not applicable	synthetic metagenome	ILLUMINA	2020-09-09T00:00:00Z	not applicable	2020-09-09T15:46:00Z	1	not applicable	not applicable	[''\, '']	M7	not applicable	not applicable	SRP279301	not applicable	['not applicable'\, '']
SRR12618560	AMPLICON	600	51015052	PRJNA660116	SAMN16090447	Metagenome or environmental	30833974	NORWEGIAN UNIVERSITY OF LIFE SCIENCE	not applicable	public	not applicable	1	6	6	not applicable	6	not applicable	SRX9101568	uncalculated	uncalculated	not applicable	not applicable	not applicable	Illumina MiSeq	not applicable	not applicable	not applicable	M6	PAIRED	PCR	METAGENOMIC	not applicable	synthetic metagenome	ILLUMINA	2020-09-09T00:00:00Z	not applicable	2020-09-09T15:46:00Z	1	not applicable	not applicable	[''\, '']	M6	not applicable	not applicable	SRP279301	not applicable	['not applicable'\, '']
SRR12618561	AMPLICON	601	186723957	PRJNA660116	SAMN16090446	Metagenome or environmental	123467785	NORWEGIAN UNIVERSITY OF LIFE SCIENCE	not applicable	public	not applicable	1	5	5	not applicable	5	not applicable	SRX9101567	uncalculated	uncalculated	not applicable	not applicable	not applicable	Illumina MiSeq	not applicable	not applicable	not applicable	M5	PAIRED	PCR	METAGENOMIC	not applicable	synthetic metagenome	ILLUMINA	2020-09-09T00:00:00Z	not applicable	2020-09-09T15:46:00Z	1	not applicable	not applicable	[''\, '']	M5	not applicable	not applicable	SRP279301	not applicable	['not applicable'\, '']
SRR12618562	AMPLICON	601	119252242	PRJNA660116	SAMN16090445	Metagenome or environmental	79830965	NORWEGIAN UNIVERSITY OF LIFE SCIENCE	not applicable	public	not applicable	1	4	4	not applicable	4	not applicable	SRX9101566	uncalculated	uncalculated	not applicable	not applicable	not applicable	Illumina MiSeq	not applicable	not applicable	not applicable	M4	PAIRED	PCR	METAGENOMIC	not applicable	synthetic metagenome	ILLUMINA	2020-09-09T00:00:00Z	not applicable	2020-09-09T15:46:00Z	1	not applicable	not applicable	[''\, '']	M4	not applicable	not applicable	SRP279301	not applicable	['not applicable'\, '']
SRR12618563	AMPLICON	600	116567625	PRJNA660116	SAMN16090458	Metagenome or environmental	70731151	NORWEGIAN UNIVERSITY OF LIFE SCIENCE	not applicable	public	not applicable	not collected	9	9	not applicable	9	not applicable	SRX9101565	uncalculated	uncalculated	not applicable	not applicable	not applicable	Illumina MiSeq	not applicable	not applicable	not applicable	B9	PAIRED	PCR	METAGENOMIC	not applicable	metagenome	ILLUMINA	2020-09-09T00:00:00Z	not applicable	2020-09-09T15:46:00Z	1	not applicable	not applicable	[''\, '']	B9	not applicable	not applicable	SRP279301	not applicable	['not applicable'\, '']
SRR12618564	AMPLICON	600	69858839	PRJNA660116	SAMN16090457	Metagenome or environmental	41529447	NORWEGIAN UNIVERSITY OF LIFE SCIENCE	not applicable	public	not applicable	not collected	8	8	not applicable	8	not applicable	SRX9101564	uncalculated	uncalculated	not applicable	not applicable	not applicable	Illumina MiSeq	not applicable	not applicable	not applicable	B8	PAIRED	PCR	METAGENOMIC	not applicable	metagenome	ILLUMINA	2020-09-09T00:00:00Z	not applicable	2020-09-09T15:46:00Z	1	not applicable	not applicable	[''\, '']	B8	not applicable	not applicable	SRP279301	not applicable	['not applicable'\, '']
SRR12618565	AMPLICON	587	42548008	PRJNA660116	SAMN16090456	Metagenome or environmental	26064612	NORWEGIAN UNIVERSITY OF LIFE SCIENCE	not applicable	public	not applicable	not collected	7	7	not applicable	7	not applicable	SRX9101563	uncalculated	uncalculated	not applicable	not applicable	not applicable	Illumina MiSeq	not applicable	not applicable	not applicable	B7	PAIRED	PCR	METAGENOMIC	not applicable	metagenome	ILLUMINA	2020-09-09T00:00:00Z	not applicable	2020-09-09T15:46:00Z	1	not applicable	not applicable	[''\, '']	B7	not applicable	not applicable	SRP279301	not applicable	['not applicable'\, '']
SRR12618566	AMPLICON	600	49939048	PRJNA660116	SAMN16090455	Metagenome or environmental	29748839	NORWEGIAN UNIVERSITY OF LIFE SCIENCE	not applicable	public	not applicable	not collected	6	6	not applicable	6	not applicable	SRX9101562	uncalculated	uncalculated	not applicable	not applicable	not applicable	Illumina MiSeq	not applicable	not applicable	not applicable	B6	PAIRED	PCR	METAGENOMIC	not applicable	metagenome	ILLUMINA	2020-09-09T00:00:00Z	not applicable	2020-09-09T15:46:00Z	1	not applicable	not applicable	[''\, '']	B6	not applicable	not applicable	SRP279301	not applicable	['not applicable'\, '']
SRR12618567	AMPLICON	600	94693566	PRJNA660116	SAMN16090454	Metagenome or environmental	62773637	NORWEGIAN UNIVERSITY OF LIFE SCIENCE	not applicable	public	not applicable	not collected	5	5	not applicable	5	not applicable	SRX9101561	uncalculated	uncalculated	not applicable	not applicable	not applicable	Illumina MiSeq	not applicable	not applicable	not applicable	B5	PAIRED	PCR	METAGENOMIC	not applicable	metagenome	ILLUMINA	2020-09-09T00:00:00Z	not applicable	2020-09-09T15:46:00Z	1	not applicable	not applicable	[''\, '']	B5	not applicable	not applicable	SRP279301	not applicable	['not applicable'\, '']
SRR12618568	AMPLICON	598	144051692	PRJNA660116	SAMN16090453	Metagenome or environmental	96184699	NORWEGIAN UNIVERSITY OF LIFE SCIENCE	not applicable	public	not applicable	not collected	4	4	not applicable	4	not applicable	SRX9101560	uncalculated	uncalculated	not applicable	not applicable	not applicable	Illumina MiSeq	not applicable	not applicable	not applicable	B4	PAIRED	PCR	METAGENOMIC	not applicable	metagenome	ILLUMINA	2020-09-09T00:00:00Z	not applicable	2020-09-09T15:46:00Z	1	not applicable	not applicable	[''\, '']	B4	not applicable	not applicable	SRP279301	not applicable	['not applicable'\, '']
SRR12618569	AMPLICON	601	88495756	PRJNA660116	SAMN16090444	Metagenome or environmental	53567121	NORWEGIAN UNIVERSITY OF LIFE SCIENCE	not applicable	public	not applicable	1	3	3	not applicable	3	not applicable	SRX9101559	uncalculated	uncalculated	not applicable	not applicable	not applicable	Illumina MiSeq	not applicable	not applicable	not applicable	M3	PAIRED	PCR	METAGENOMIC	not applicable	synthetic metagenome	ILLUMINA	2020-09-09T00:00:00Z	not applicable	2020-09-09T15:46:00Z	1	not applicable	not applicable	[''\, '']	M3	not applicable	not applicable	SRP279301	not applicable	['not applicable'\, '']
SRR12618570	AMPLICON	601	85710775	PRJNA660116	SAMN16090443	Metagenome or environmental	58421498	NORWEGIAN UNIVERSITY OF LIFE SCIENCE	not applicable	public	not applicable	1	2	2	not applicable	2	not applicable	SRX9101558	uncalculated	uncalculated	not applicable	not applicable	not applicable	Illumina MiSeq	not applicable	not applicable	not applicable	M2	PAIRED	PCR	METAGENOMIC	not applicable	synthetic metagenome	ILLUMINA	2020-09-09T00:00:00Z	not applicable	2020-09-09T15:46:00Z	1	not applicable	not applicable	[''\, '']	M2	not applicable	not applicable	SRP279301	not applicable	['not applicable'\, '']
SRR12545290	AMPLICON	601	123072236	PRJNA660116	SAMN15936598	Metagenome or environmental	74219304	NORWEGIAN UNIVERSITY OF LIFE SCIENCE	2016-05-05	public	32.7	2	8	8	Kit 1	8	marine biome[ENVO:00000447]	SRX9034584	Norway	Europe	Norway:arctic area	Salmo salar	UBERON:gastrointestinal system	Illumina MiSeq	not applicable	not applicable	67 N 14 E	62	PAIRED	PCR	METAGENOMIC	1403	gut metagenome	ILLUMINA	2020-08-29T00:00:00Z	not applicable	2020-08-29T08:54:00Z	1	8 mL sterile tube with screw cap	liquid nitrogen	[''\, '']	62	digesta	Tissue sample	SRP279301	not applicable	['-80 Celsius'\, '']
SRR12545291	AMPLICON	600	62067762	PRJNA660116	SAMN15936597	Metagenome or environmental	36827453	NORWEGIAN UNIVERSITY OF LIFE SCIENCE	2016-05-05	public	5.06	2	7	7	Kit 1	7	marine biome[ENVO:00000447]	SRX9034583	Norway	Europe	Norway:arctic area	Salmo salar	UBERON:gastrointestinal system	Illumina MiSeq	not applicable	not applicable	67 N 14 E	61	PAIRED	PCR	METAGENOMIC	1403	gut metagenome	ILLUMINA	2020-08-29T00:00:00Z	not applicable	2020-08-29T08:54:00Z	1	8 mL sterile tube with screw cap	liquid nitrogen	[''\, '']	61	digesta	Tissue sample	SRP279301	not applicable	['-80 Celsius'\, '']
SRR12545292	AMPLICON	600	90905782	PRJNA660116	SAMN15936596	Metagenome or environmental	62713546	NORWEGIAN UNIVERSITY OF LIFE SCIENCE	2016-05-05	public	1.14	2	4	4	Kit 1	4	marine biome[ENVO:00000447]	SRX9034582	Norway	Europe	Norway:arctic area	Salmo salar	UBERON:gastrointestinal system	Illumina MiSeq	not applicable	not applicable	67 N 14 E	59	PAIRED	PCR	METAGENOMIC	1405	gut metagenome	ILLUMINA	2020-08-29T00:00:00Z	not applicable	2020-08-29T08:55:00Z	1	8 mL sterile tube with screw cap	liquid nitrogen	[''\, '']	59	digesta	Tissue sample	SRP279301	not applicable	['-80 Celsius'\, '']
SRR12545293	AMPLICON	599	39290439	PRJNA660116	SAMN15936595	Metagenome or environmental	24237717	NORWEGIAN UNIVERSITY OF LIFE SCIENCE	2016-05-05	public	0.72	2	6	6	Kit 1	6	marine biome[ENVO:00000447]	SRX9034581	Norway	Europe	Norway:arctic area	Salmo salar	UBERON:gastrointestinal system	Illumina MiSeq	not applicable	not applicable	67 N 14 E	53	PAIRED	PCR	METAGENOMIC	1403	gut metagenome	ILLUMINA	2020-08-29T00:00:00Z	not applicable	2020-08-29T08:55:00Z	1	8 mL sterile tube with screw cap	liquid nitrogen	[''\, '']	53	digesta	Tissue sample	SRP279301	not applicable	['-80 Celsius'\, '']
SRR12545294	AMPLICON	599	140191198	PRJNA660116	SAMN15936594	Metagenome or environmental	92406914	NORWEGIAN UNIVERSITY OF LIFE SCIENCE	2016-05-05	public	0.79	2	4	4	Kit 1	4	marine biome[ENVO:00000447]	SRX9034580	Norway	Europe	Norway:arctic area	Salmo salar	UBERON:gastrointestinal system	Illumina MiSeq	not applicable	not applicable	67 N 14 E	51	PAIRED	PCR	METAGENOMIC	1403	gut metagenome	ILLUMINA	2020-08-29T00:00:00Z	not applicable	2020-08-29T08:55:00Z	1	8 mL sterile tube with screw cap	liquid nitrogen	[''\, '']	51	digesta	Tissue sample	SRP279301	not applicable	['-80 Celsius'\, '']
SRR12545295	AMPLICON	600	98960562	PRJNA660116	SAMN15936629	Metagenome or environmental	65715717	NORWEGIAN UNIVERSITY OF LIFE SCIENCE	2016-11-12	public	0.98	2	5	5	Kit 2	5	marine biome[ENVO:00000447]	SRX9034579	Norway	Europe	Norway:arctic area	Salmo salar	UBERON:gastrointestinal system	Illumina MiSeq	not applicable	not applicable	70 N 22 E	457	PAIRED	PCR	METAGENOMIC	10	gut metagenome	ILLUMINA	2020-08-29T00:00:00Z	not applicable	2020-08-29T08:55:00Z	1	8 mL sterile tube with screw cap	liquid nitrogen	[''\, '']	457	digesta	Tissue sample	SRP279301	not applicable	['-80 Celsius'\, '']
SRR12545296	AMPLICON	600	101895568	PRJNA660116	SAMN15936593	Metagenome or environmental	67545152	NORWEGIAN UNIVERSITY OF LIFE SCIENCE	2016-05-05	public	0.61	2	5	5	Kit 1	5	marine biome[ENVO:00000447]	SRX9034578	Norway	Europe	Norway:arctic area	Salmo salar	UBERON:gastrointestinal system	Illumina MiSeq	not applicable	not applicable	67 N 14 E	50	PAIRED	PCR	METAGENOMIC	1403	gut metagenome	ILLUMINA	2020-08-29T00:00:00Z	not applicable	2020-08-29T08:54:00Z	1	8 mL sterile tube with screw cap	liquid nitrogen	[''\, '']	50	digesta	Tissue sample	SRP279301	not applicable	['-80 Celsius'\, '']
SRR12545297	AMPLICON	600	88016442	PRJNA660116	SAMN15936628	Metagenome or environmental	57166431	NORWEGIAN UNIVERSITY OF LIFE SCIENCE	2016-11-12	public	3.28	2	4	4	Kit 1	4	marine biome[ENVO:00000447]	SRX9034577	Norway	Europe	Norway:arctic area	Salmo salar	UBERON:gastrointestinal system	Illumina MiSeq	not applicable	not applicable	70 N 22 E	456	PAIRED	PCR	METAGENOMIC	10	gut metagenome	ILLUMINA	2020-08-29T00:00:00Z	not applicable	2020-08-29T08:55:00Z	1	8 mL sterile tube with screw cap	liquid nitrogen	[''\, '']	456	digesta	Tissue sample	SRP279301	not applicable	['-80 Celsius'\, '']
SRR12545298	AMPLICON	597	53593251	PRJNA660116	SAMN15936627	Metagenome or environmental	32079500	NORWEGIAN UNIVERSITY OF LIFE SCIENCE	2016-11-12	public	0.4	2	6	6	Kit 1	6	marine biome[ENVO:00000447]	SRX9034576	Norway	Europe	Norway:arctic area	Salmo salar	UBERON:gastrointestinal system	Illumina MiSeq	not applicable	not applicable	70 N 22 E	452	PAIRED	PCR	METAGENOMIC	9	gut metagenome	ILLUMINA	2020-08-29T00:00:00Z	not applicable	2020-08-29T08:54:00Z	1	8 mL sterile tube with screw cap	liquid nitrogen	[''\, '']	452	digesta	Tissue sample	SRP279301	not applicable	['-80 Celsius'\, '']
SRR12545299	AMPLICON	600	121211620	PRJNA660116	SAMN15936626	Metagenome or environmental	80476975	NORWEGIAN UNIVERSITY OF LIFE SCIENCE	2016-11-12	public	0.78	2	5	5	Kit 1	5	marine biome[ENVO:00000447]	SRX9034575	Norway	Europe	Norway:arctic area	Salmo salar	UBERON:gastrointestinal system	Illumina MiSeq	not applicable	not applicable	70 N 22 E	451	PAIRED	PCR	METAGENOMIC	9	gut metagenome	ILLUMINA	2020-08-29T00:00:00Z	not applicable	2020-08-29T08:55:00Z	1	8 mL sterile tube with screw cap	liquid nitrogen	[''\, '']	451	digesta	Tissue sample	SRP279301	not applicable	['-80 Celsius'\, '']
SRR12545300	AMPLICON	599	102707085	PRJNA660116	SAMN15936625	Metagenome or environmental	68058872	NORWEGIAN UNIVERSITY OF LIFE SCIENCE	2016-11-12	public	1.15	2	4	4	Kit 1	4	marine biome[ENVO:00000447]	SRX9034574	Norway	Europe	Norway:arctic area	Salmo salar	UBERON:gastrointestinal system	Illumina MiSeq	not applicable	not applicable	70 N 22 E	449	PAIRED	PCR	METAGENOMIC	9	gut metagenome	ILLUMINA	2020-08-29T00:00:00Z	not applicable	2020-08-29T08:55:00Z	1	8 mL sterile tube with screw cap	liquid nitrogen	[''\, '']	449	digesta	Tissue sample	SRP279301	not applicable	['-80 Celsius'\, '']
SRR12545301	AMPLICON	601	51324017	PRJNA660116	SAMN15936624	Metagenome or environmental	33112552	NORWEGIAN UNIVERSITY OF LIFE SCIENCE	2016-11-12	public	0.3	2	3	3	Kit 1	3	marine biome[ENVO:00000447]	SRX9034573	Norway	Europe	Norway:arctic area	Salmo salar	UBERON:gastrointestinal system	Illumina MiSeq	not applicable	not applicable	70 N 22 E	445	PAIRED	PCR	METAGENOMIC	8	gut metagenome	ILLUMINA	2020-08-29T00:00:00Z	not applicable	2020-08-29T08:55:00Z	1	8 mL sterile tube with screw cap	liquid nitrogen	[''\, '']	445	digesta	Tissue sample	SRP279301	not applicable	['-80 Celsius'\, '']
SRR12545302	AMPLICON	596	94336020	PRJNA660116	SAMN15936623	Metagenome or environmental	62854877	NORWEGIAN UNIVERSITY OF LIFE SCIENCE	2016-11-12	public	0.98	2	2	2	Kit 1	2	marine biome[ENVO:00000447]	SRX9034572	Norway	Europe	Norway:arctic area	Salmo salar	UBERON:gastrointestinal system	Illumina MiSeq	not applicable	not applicable	70 N 22 E	444	PAIRED	PCR	METAGENOMIC	8	gut metagenome	ILLUMINA	2020-08-29T00:00:00Z	not applicable	2020-08-29T08:55:00Z	1	8 mL sterile tube with screw cap	liquid nitrogen	[''\, '']	444	digesta	Tissue sample	SRP279301	not applicable	['-80 Celsius'\, '']
SRR12545303	AMPLICON	601	60543070	PRJNA660116	SAMN15936622	Metagenome or environmental	40689022	NORWEGIAN UNIVERSITY OF LIFE SCIENCE	2016-11-12	public	0.65	2	3	3	Kit 1	3	marine biome[ENVO:00000447]	SRX9034571	Norway	Europe	Norway:arctic area	Salmo salar	UBERON:gastrointestinal system	Illumina MiSeq	not applicable	not applicable	70 N 22 E	439	PAIRED	PCR	METAGENOMIC	7	gut metagenome	ILLUMINA	2020-08-29T00:00:00Z	not applicable	2020-08-29T08:55:00Z	1	8 mL sterile tube with screw cap	liquid nitrogen	[''\, '']	439	digesta	Tissue sample	SRP279301	not applicable	['-80 Celsius'\, '']
SRR12545304	AMPLICON	600	46924304	PRJNA660116	SAMN15936621	Metagenome or environmental	30972984	NORWEGIAN UNIVERSITY OF LIFE SCIENCE	2016-11-12	public	0.62	2	2	2	Kit 1	2	marine biome[ENVO:00000447]	SRX9034570	Norway	Europe	Norway:arctic area	Salmo salar	UBERON:gastrointestinal system	Illumina MiSeq	not applicable	not applicable	70 N 22 E	438	PAIRED	PCR	METAGENOMIC	7	gut metagenome	ILLUMINA	2020-08-29T00:00:00Z	not applicable	2020-08-29T08:54:00Z	1	8 mL sterile tube with screw cap	liquid nitrogen	[''\, '']	438	digesta	Tissue sample	SRP279301	not applicable	['-80 Celsius'\, '']
SRR12545305	AMPLICON	600	84986280	PRJNA660116	SAMN15936620	Metagenome or environmental	50754003	NORWEGIAN UNIVERSITY OF LIFE SCIENCE	2016-06-25	public	1.15	2	9	9	Kit 1	9	marine biome[ENVO:00000447]	SRX9034569	Norway	Europe	Norway:arctic area	Salmo salar	UBERON:gastrointestinal system	Illumina MiSeq	not applicable	not applicable	70 N 22 E	169	PAIRED	PCR	METAGENOMIC	12	gut metagenome	ILLUMINA	2020-08-29T00:00:00Z	not applicable	2020-08-29T08:55:00Z	1	8 mL sterile tube with screw cap	liquid nitrogen	[''\, '']	169	digesta	Tissue sample	SRP279301	not applicable	['-80 Celsius'\, '']
SRR12545306	AMPLICON	599	99707647	PRJNA660116	SAMN15936619	Metagenome or environmental	58882279	NORWEGIAN UNIVERSITY OF LIFE SCIENCE	2016-06-25	public	2.18	2	8	8	Kit 1	8	marine biome[ENVO:00000447]	SRX9034568	Norway	Europe	Norway:arctic area	Salmo salar	UBERON:gastrointestinal system	Illumina MiSeq	not applicable	not applicable	70 N 22 E	168	PAIRED	PCR	METAGENOMIC	12	gut metagenome	ILLUMINA	2020-08-29T00:00:00Z	not applicable	2020-08-29T08:55:00Z	1	8 mL sterile tube with screw cap	liquid nitrogen	[''\, '']	168	digesta	Tissue sample	SRP279301	not applicable	['-80 Celsius'\, '']
SRR12545307	AMPLICON	600	100661899	PRJNA660116	SAMN15936592	Metagenome or environmental	66577531	NORWEGIAN UNIVERSITY OF LIFE SCIENCE	2016-05-05	public	6.23	2	3	3	Kit 1	3	marine biome[ENVO:00000447]	SRX9034567	Norway	Europe	Norway:arctic area	Salmo salar	UBERON:gastrointestinal system	Illumina MiSeq	not applicable	not applicable	67 N 14 E	48	PAIRED	PCR	METAGENOMIC	1405	gut metagenome	ILLUMINA	2020-08-29T00:00:00Z	not applicable	2020-08-29T08:55:00Z	1	8 mL sterile tube with screw cap	liquid nitrogen	[''\, '']	48	digesta	Tissue sample	SRP279301	not applicable	['-80 Celsius'\, '']
SRR12545308	AMPLICON	600	44232331	PRJNA660116	SAMN15936618	Metagenome or environmental	26433100	NORWEGIAN UNIVERSITY OF LIFE SCIENCE	2016-06-25	public	3.19	2	7	7	Kit 1	7	marine biome[ENVO:00000447]	SRX9034566	Norway	Europe	Norway:arctic area	Salmo salar	UBERON:gastrointestinal system	Illumina MiSeq	not applicable	not applicable	70 N 22 E	167	PAIRED	PCR	METAGENOMIC	12	gut metagenome	ILLUMINA	2020-08-29T00:00:00Z	not applicable	2020-08-29T08:54:00Z	1	8 mL sterile tube with screw cap	liquid nitrogen	[''\, '']	167	digesta	Tissue sample	SRP279301	not applicable	['-80 Celsius'\, '']
SRR12545309	AMPLICON	600	92287237	PRJNA660116	SAMN15936617	Metagenome or environmental	54999693	NORWEGIAN UNIVERSITY OF LIFE SCIENCE	2016-06-25	public	1.32	2	9	9	Kit 1	9	marine biome[ENVO:00000447]	SRX9034565	Norway	Europe	Norway:arctic area	Salmo salar	UBERON:gastrointestinal system	Illumina MiSeq	not applicable	not applicable	70 N 22 E	163	PAIRED	PCR	METAGENOMIC	11	gut metagenome	ILLUMINA	2020-08-29T00:00:00Z	not applicable	2020-08-29T08:55:00Z	1	8 mL sterile tube with screw cap	liquid nitrogen	[''\, '']	163	digesta	Tissue sample	SRP279301	not applicable	['-80 Celsius'\, '']
SRR12545310	AMPLICON	600	66608184	PRJNA660116	SAMN15936616	Metagenome or environmental	39731115	NORWEGIAN UNIVERSITY OF LIFE SCIENCE	2016-06-25	public	86.9	2	8	8	Kit 1	8	marine biome[ENVO:00000447]	SRX9034564	Norway	Europe	Norway:arctic area	Salmo salar	UBERON:gastrointestinal system	Illumina MiSeq	not applicable	not applicable	70 N 22 E	162	PAIRED	PCR	METAGENOMIC	11	gut metagenome	ILLUMINA	2020-08-29T00:00:00Z	not applicable	2020-08-29T08:55:00Z	1	8 mL sterile tube with screw cap	liquid nitrogen	[''\, '']	162	digesta	Tissue sample	SRP279301	not applicable	['-80 Celsius'\, '']
SRR12545311	AMPLICON	600	63740589	PRJNA660116	SAMN15936615	Metagenome or environmental	38074594	NORWEGIAN UNIVERSITY OF LIFE SCIENCE	2016-06-25	public	1.45	2	7	7	Kit 1	7	marine biome[ENVO:00000447]	SRX9034563	Norway	Europe	Norway:arctic area	Salmo salar	UBERON:gastrointestinal system	Illumina MiSeq	not applicable	not applicable	70 N 22 E	161	PAIRED	PCR	METAGENOMIC	11	gut metagenome	ILLUMINA	2020-08-29T00:00:00Z	not applicable	2020-08-29T08:55:00Z	1	8 mL sterile tube with screw cap	liquid nitrogen	[''\, '']	161	digesta	Tissue sample	SRP279301	not applicable	['-80 Celsius'\, '']
SRR12545312	AMPLICON	596	66694969	PRJNA660116	SAMN15936614	Metagenome or environmental	40319127	NORWEGIAN UNIVERSITY OF LIFE SCIENCE	2016-06-25	public	2.76	2	6	6	Kit 1	6	marine biome[ENVO:00000447]	SRX9034562	Norway	Europe	Norway:arctic area	Salmo salar	UBERON:gastrointestinal system	Illumina MiSeq	not applicable	not applicable	70 N 22 E	157	PAIRED	PCR	METAGENOMIC	10	gut metagenome	ILLUMINA	2020-08-29T00:00:00Z	not applicable	2020-08-29T08:55:00Z	1	8 mL sterile tube with screw cap	liquid nitrogen	[''\, '']	157	digesta	Tissue sample	SRP279301	not applicable	['-80 Celsius'\, '']
SRR12545313	AMPLICON	599	142866517	PRJNA660116	SAMN15936613	Metagenome or environmental	95179122	NORWEGIAN UNIVERSITY OF LIFE SCIENCE	2016-06-25	public	1.41	2	5	5	Kit 1	5	marine biome[ENVO:00000447]	SRX9034561	Norway	Europe	Norway:arctic area	Salmo salar	UBERON:gastrointestinal system	Illumina MiSeq	not applicable	not applicable	70 N 22 E	156	PAIRED	PCR	METAGENOMIC	10	gut metagenome	ILLUMINA	2020-08-29T00:00:00Z	not applicable	2020-08-29T08:55:00Z	1	8 mL sterile tube with screw cap	liquid nitrogen	[''\, '']	156	digesta	Tissue sample	SRP279301	not applicable	['-80 Celsius'\, '']
SRR12545314	AMPLICON	599	85330444	PRJNA660116	SAMN15936612	Metagenome or environmental	57272185	NORWEGIAN UNIVERSITY OF LIFE SCIENCE	2016-06-25	public	2.08	2	4	4	Kit 1	4	marine biome[ENVO:00000447]	SRX9034560	Norway	Europe	Norway:arctic area	Salmo salar	UBERON:gastrointestinal system	Illumina MiSeq	not applicable	not applicable	70 N 22 E	155	PAIRED	PCR	METAGENOMIC	10	gut metagenome	ILLUMINA	2020-08-29T00:00:00Z	not applicable	2020-08-29T08:55:00Z	1	8 mL sterile tube with screw cap	liquid nitrogen	[''\, '']	155	digesta	Tissue sample	SRP279301	not applicable	['-80 Celsius'\, '']
SRR12545315	AMPLICON	597	98214253	PRJNA660116	SAMN15936611	Metagenome or environmental	58732876	NORWEGIAN UNIVERSITY OF LIFE SCIENCE	2016-06-25	public	1.73	2	6	6	Kit 1	6	marine biome[ENVO:00000447]	SRX9034559	Norway	Europe	Norway:arctic area	Salmo salar	UBERON:gastrointestinal system	Illumina MiSeq	not applicable	not applicable	70 N 22 E	151	PAIRED	PCR	METAGENOMIC	9	gut metagenome	ILLUMINA	2020-08-29T00:00:00Z	not applicable	2020-08-29T08:55:00Z	1	8 mL sterile tube with screw cap	liquid nitrogen	[''\, '']	151	digesta	Tissue sample	SRP279301	not applicable	['-80 Celsius'\, '']
SRR12545316	AMPLICON	600	110267238	PRJNA660116	SAMN15936610	Metagenome or environmental	73659203	NORWEGIAN UNIVERSITY OF LIFE SCIENCE	2016-06-25	public	1.68	2	5	5	Kit 1	5	marine biome[ENVO:00000447]	SRX9034558	Norway	Europe	Norway:arctic area	Salmo salar	UBERON:gastrointestinal system	Illumina MiSeq	not applicable	not applicable	70 N 22 E	150	PAIRED	PCR	METAGENOMIC	9	gut metagenome	ILLUMINA	2020-08-29T00:00:00Z	not applicable	2020-08-29T08:55:00Z	1	8 mL sterile tube with screw cap	liquid nitrogen	[''\, '']	150	digesta	Tissue sample	SRP279301	not applicable	['-80 Celsius'\, '']
SRR12545317	AMPLICON	599	54959032	PRJNA660116	SAMN15936609	Metagenome or environmental	36996670	NORWEGIAN UNIVERSITY OF LIFE SCIENCE	2016-06-25	public	1.29	2	4	4	Kit 1	4	marine biome[ENVO:00000447]	SRX9034557	Norway	Europe	Norway:arctic area	Salmo salar	UBERON:gastrointestinal system	Illumina MiSeq	not applicable	not applicable	70 N 22 E	149	PAIRED	PCR	METAGENOMIC	9	gut metagenome	ILLUMINA	2020-08-29T00:00:00Z	not applicable	2020-08-29T08:55:00Z	1	8 mL sterile tube with screw cap	liquid nitrogen	[''\, '']	149	digesta	Tissue sample	SRP279301	not applicable	['-80 Celsius'\, '']
SRR12545318	AMPLICON	597	74682571	PRJNA660116	SAMN15936591	Metagenome or environmental	50011544	NORWEGIAN UNIVERSITY OF LIFE SCIENCE	2016-05-05	public	0.26	2	2	2	Kit 1	2	marine biome[ENVO:00000447]	SRX9034556	Norway	Europe	Norway:arctic area	Salmo salar	UBERON:gastrointestinal system	Illumina MiSeq	not applicable	not applicable	67 N 14 E	46	PAIRED	PCR	METAGENOMIC	1405	gut metagenome	ILLUMINA	2020-08-29T00:00:00Z	not applicable	2020-08-29T08:55:00Z	1	8 mL sterile tube with screw cap	liquid nitrogen	[''\, '']	46	digesta	Tissue sample	SRP279301	not applicable	['-80 Celsius'\, '']
SRR12545319	AMPLICON	600	180479804	PRJNA660116	SAMN15936608	Metagenome or environmental	119990879	NORWEGIAN UNIVERSITY OF LIFE SCIENCE	2016-06-25	public	2.24	2	3	3	Kit 1	3	marine biome[ENVO:00000447]	SRX9034555	Norway	Europe	Norway:arctic area	Salmo salar	UBERON:gastrointestinal system	Illumina MiSeq	not applicable	not applicable	70 N 22 E	145	PAIRED	PCR	METAGENOMIC	8	gut metagenome	ILLUMINA	2020-08-29T00:00:00Z	not applicable	2020-08-29T08:55:00Z	1	8 mL sterile tube with screw cap	liquid nitrogen	[''\, '']	145	digesta	Tissue sample	SRP279301	not applicable	['-80 Celsius'\, '']
SRR12545320	AMPLICON	598	86016745	PRJNA660116	SAMN15936607	Metagenome or environmental	57076185	NORWEGIAN UNIVERSITY OF LIFE SCIENCE	2016-06-25	public	2.44	2	2	2	Kit 1	2	marine biome[ENVO:00000447]	SRX9034554	Norway	Europe	Norway:arctic area	Salmo salar	UBERON:gastrointestinal system	Illumina MiSeq	not applicable	not applicable	70 N 22 E	144	PAIRED	PCR	METAGENOMIC	8	gut metagenome	ILLUMINA	2020-08-29T00:00:00Z	not applicable	2020-08-29T08:55:00Z	1	8 mL sterile tube with screw cap	liquid nitrogen	[''\, '']	144	digesta	Tissue sample	SRP279301	not applicable	['-80 Celsius'\, '']
SRR12545321	AMPLICON	600	207403947	PRJNA660116	SAMN15936606	Metagenome or environmental	137339249	NORWEGIAN UNIVERSITY OF LIFE SCIENCE	2016-06-25	public	1.83	2	3	3	Kit 1	3	marine biome[ENVO:00000447]	SRX9034553	Norway	Europe	Norway:arctic area	Salmo salar	UBERON:gastrointestinal system	Illumina MiSeq	not applicable	not applicable	70 N 22 E	139	PAIRED	PCR	METAGENOMIC	7	gut metagenome	ILLUMINA	2020-08-29T00:00:00Z	not applicable	2020-08-29T08:55:00Z	1	8 mL sterile tube with screw cap	liquid nitrogen	[''\, '']	139	digesta	Tissue sample	SRP279301	not applicable	['-80 Celsius'\, '']
SRR12545322	AMPLICON	599	78228306	PRJNA660116	SAMN15936605	Metagenome or environmental	52327018	NORWEGIAN UNIVERSITY OF LIFE SCIENCE	2016-06-25	public	0.82	2	2	2	Kit 1	2	marine biome[ENVO:00000447]	SRX9034552	Norway	Europe	Norway:arctic area	Salmo salar	UBERON:gastrointestinal system	Illumina MiSeq	not applicable	not applicable	70 N 22 E	138	PAIRED	PCR	METAGENOMIC	7	gut metagenome	ILLUMINA	2020-08-29T00:00:00Z	not applicable	2020-08-29T08:55:00Z	1	8 mL sterile tube with screw cap	liquid nitrogen	[''\, '']	138	digesta	Tissue sample	SRP279301	not applicable	['-80 Celsius'\, '']
SRR12545323	AMPLICON	600	116078076	PRJNA660116	SAMN15936604	Metagenome or environmental	68104581	NORWEGIAN UNIVERSITY OF LIFE SCIENCE	2016-05-05	public	8.91	2	9	9	Kit 1	9	marine biome[ENVO:00000447]	SRX9034551	Norway	Europe	Norway:arctic area	Salmo salar	UBERON:gastrointestinal system	Illumina MiSeq	not applicable	not applicable	67 N 14 E	71	PAIRED	PCR	METAGENOMIC	1405	gut metagenome	ILLUMINA	2020-08-29T00:00:00Z	not applicable	2020-08-29T08:55:00Z	1	8 mL sterile tube with screw cap	liquid nitrogen	[''\, '']	71	digesta	Tissue sample	SRP279301	not applicable	['-80 Celsius'\, '']
SRR12545324	AMPLICON	601	86696681	PRJNA660116	SAMN15936603	Metagenome or environmental	52206247	NORWEGIAN UNIVERSITY OF LIFE SCIENCE	2016-05-05	public	65.5	2	8	8	Kit 1	8	marine biome[ENVO:00000447]	SRX9034550	Norway	Europe	Norway:arctic area	Salmo salar	UBERON:gastrointestinal system	Illumina MiSeq	not applicable	not applicable	67 N 14 E	70	PAIRED	PCR	METAGENOMIC	1405	gut metagenome	ILLUMINA	2020-08-29T00:00:00Z	not applicable	2020-08-29T08:55:00Z	1	8 mL sterile tube with screw cap	liquid nitrogen	[''\, '']	70	digesta	Tissue sample	SRP279301	not applicable	['-80 Celsius'\, '']
SRR12545325	AMPLICON	600	60035136	PRJNA660116	SAMN15936602	Metagenome or environmental	36202342	NORWEGIAN UNIVERSITY OF LIFE SCIENCE	2016-05-05	public	0.9	2	7	7	Kit 1	7	marine biome[ENVO:00000447]	SRX9034549	Norway	Europe	Norway:arctic area	Salmo salar	UBERON:gastrointestinal system	Illumina MiSeq	not applicable	not applicable	67 N 14 E	69	PAIRED	PCR	METAGENOMIC	1405	gut metagenome	ILLUMINA	2020-08-29T00:00:00Z	not applicable	2020-08-29T08:55:00Z	1	8 mL sterile tube with screw cap	liquid nitrogen	[''\, '']	69	digesta	Tissue sample	SRP279301	not applicable	['-80 Celsius'\, '']
SRR12545326	AMPLICON	598	53008465	PRJNA660116	SAMN15936601	Metagenome or environmental	32178275	NORWEGIAN UNIVERSITY OF LIFE SCIENCE	2016-05-05	public	0.81	2	6	6	Kit 1	6	marine biome[ENVO:00000447]	SRX9034548	Norway	Europe	Norway:arctic area	Salmo salar	UBERON:gastrointestinal system	Illumina MiSeq	not applicable	not applicable	67 N 14 E	68	PAIRED	PCR	METAGENOMIC	1405	gut metagenome	ILLUMINA	2020-08-29T00:00:00Z	not applicable	2020-08-29T08:55:00Z	1	8 mL sterile tube with screw cap	liquid nitrogen	[''\, '']	68	digesta	Tissue sample	SRP279301	not applicable	['-80 Celsius'\, '']
SRR12545327	AMPLICON	600	103177933	PRJNA660116	SAMN15936600	Metagenome or environmental	67869424	NORWEGIAN UNIVERSITY OF LIFE SCIENCE	2016-05-05	public	1.59	2	5	5	Kit 1	5	marine biome[ENVO:00000447]	SRX9034547	Norway	Europe	Norway:arctic area	Salmo salar	UBERON:gastrointestinal system	Illumina MiSeq	not applicable	not applicable	67 N 14 E	67	PAIRED	PCR	METAGENOMIC	1405	gut metagenome	ILLUMINA	2020-08-29T00:00:00Z	not applicable	2020-08-29T08:55:00Z	1	8 mL sterile tube with screw cap	liquid nitrogen	[''\, '']	67	digesta	Tissue sample	SRP279301	not applicable	['-80 Celsius'\, '']
SRR12545328	AMPLICON	600	47960698	PRJNA660116	SAMN15936599	Metagenome or environmental	28659690	NORWEGIAN UNIVERSITY OF LIFE SCIENCE	2016-05-05	public	1.23	2	9	9	Kit 1	9	marine biome[ENVO:00000447]	SRX9034546	Norway	Europe	Norway:arctic area	Salmo salar	UBERON:gastrointestinal system	Illumina MiSeq	not applicable	not applicable	67 N 14 E	63	PAIRED	PCR	METAGENOMIC	1403	gut metagenome	ILLUMINA	2020-08-29T00:00:00Z	not applicable	2020-08-29T08:55:00Z	1	8 mL sterile tube with screw cap	liquid nitrogen	[''\, '']	63	digesta	Tissue sample	SRP279301	not applicable	['-80 Celsius'\, '']
SRR12545329	AMPLICON	601	105892748	PRJNA660116	SAMN15936590	Metagenome or environmental	68350505	NORWEGIAN UNIVERSITY OF LIFE SCIENCE	2016-05-05	public	0.51	2	3	3	Kit 1	3	marine biome[ENVO:00000447]	SRX9034545	Norway	Europe	Norway:arctic area	Salmo salar	UBERON:gastrointestinal system	Illumina MiSeq	not applicable	not applicable	67 N 14 E	41	PAIRED	PCR	METAGENOMIC	1403	gut metagenome	ILLUMINA	2020-08-29T00:00:00Z	not applicable	2020-08-29T08:55:00Z	1	8 mL sterile tube with screw cap	liquid nitrogen	[''\, '']	41	digesta	Tissue sample	SRP279301	not applicable	['-80 Celsius'\, '']
SRR12545330	AMPLICON	599	67668417	PRJNA660116	SAMN15936589	Metagenome or environmental	44897893	NORWEGIAN UNIVERSITY OF LIFE SCIENCE	2016-05-05	public	0.41	2	2	2	Kit 1	2	marine biome[ENVO:00000447]	SRX9034544	Norway	Europe	Norway:arctic area	Salmo salar	UBERON:gastrointestinal system	Illumina MiSeq	not applicable	not applicable	67 N 14 E	39	PAIRED	PCR	METAGENOMIC	1403	gut metagenome	ILLUMINA	2020-08-29T00:00:00Z	not applicable	2020-08-29T08:55:00Z	1	8 mL sterile tube with screw cap	liquid nitrogen	[''\, '']	39	digesta	Tissue sample	SRP279301	not applicable	['-80 Celsius'\, '']
SRR12545386	AMPLICON	601	177811393	PRJNA660116	SAMN15939769	Metagenome or environmental	117834376	NORWEGIAN UNIVERSITY OF LIFE SCIENCE	2017-04-20	public	0.7	2	2	2	Kit 2	2	marine biome[ENVO:00000447]	SRX9034656	Norway	Europe	Norway:arctic area	Salmo salar	UBERON:gastrointestinal system	Illumina MiSeq	not applicable	not applicable	70 N 22 E	645	PAIRED	PCR	METAGENOMIC	7	gut metagenome	ILLUMINA	2020-08-29T00:00:00Z	not applicable	2020-08-29T10:41:00Z	1	8 mL sterile tube with screw cap	liquid nitrogen	[''\, '']	645	digesta	Tissue sample	SRP279301	not applicable	['-80 Celsius'\, '']
SRR12545387	AMPLICON	600	82474265	PRJNA660116	SAMN15939768	Metagenome or environmental	49374855	NORWEGIAN UNIVERSITY OF LIFE SCIENCE	2017-04-20	public	0.55	2	3	3	Kit 2	3	marine biome[ENVO:00000447]	SRX9034655	Norway	Europe	Norway:arctic area	Salmo salar	UBERON:gastrointestinal system	Illumina MiSeq	not applicable	not applicable	70 N 22 E	642	PAIRED	PCR	METAGENOMIC	8	gut metagenome	ILLUMINA	2020-08-29T00:00:00Z	not applicable	2020-08-29T10:40:00Z	1	8 mL sterile tube with screw cap	liquid nitrogen	[''\, '']	642	digesta	Tissue sample	SRP279301	not applicable	['-80 Celsius'\, '']
SRR12545388	AMPLICON	600	151296559	PRJNA660116	SAMN15939767	Metagenome or environmental	99395271	NORWEGIAN UNIVERSITY OF LIFE SCIENCE	2017-04-20	public	5.64	2	2	2	Kit 2	2	marine biome[ENVO:00000447]	SRX9034654	Norway	Europe	Norway:arctic area	Salmo salar	UBERON:gastrointestinal system	Illumina MiSeq	not applicable	not applicable	70 N 22 E	641	PAIRED	PCR	METAGENOMIC	8	gut metagenome	ILLUMINA	2020-08-29T00:00:00Z	not applicable	2020-08-29T10:41:00Z	1	8 mL sterile tube with screw cap	liquid nitrogen	[''\, '']	641	digesta	Tissue sample	SRP279301	not applicable	['-80 Celsius'\, '']
SRR12545389	AMPLICON	600	62049779	PRJNA660116	SAMN15939766	Metagenome or environmental	36855911	NORWEGIAN UNIVERSITY OF LIFE SCIENCE	2016-11-12	public	1.93	2	9	9	Kit 2	9	marine biome[ENVO:00000447]	SRX9034653	Norway	Europe	Norway:arctic area	Salmo salar	UBERON:gastrointestinal system	Illumina MiSeq	not applicable	not applicable	70 N 22 E	469	PAIRED	PCR	METAGENOMIC	12	gut metagenome	ILLUMINA	2020-08-29T00:00:00Z	not applicable	2020-08-29T10:41:00Z	1	8 mL sterile tube with screw cap	liquid nitrogen	[''\, '']	469	digesta	Tissue sample	SRP279301	not applicable	['-80 Celsius'\, '']
SRR12545390	AMPLICON	601	99554439	PRJNA660116	SAMN15939765	Metagenome or environmental	58572287	NORWEGIAN UNIVERSITY OF LIFE SCIENCE	2016-11-12	public	0.81	2	8	8	Kit 2	8	marine biome[ENVO:00000447]	SRX9034652	Norway	Europe	Norway:arctic area	Salmo salar	UBERON:gastrointestinal system	Illumina MiSeq	not applicable	not applicable	70 N 22 E	468	PAIRED	PCR	METAGENOMIC	12	gut metagenome	ILLUMINA	2020-08-29T00:00:00Z	not applicable	2020-08-29T10:41:00Z	1	8 mL sterile tube with screw cap	liquid nitrogen	[''\, '']	468	digesta	Tissue sample	SRP279301	not applicable	['-80 Celsius'\, '']
SRR12545391	AMPLICON	601	116302924	PRJNA660116	SAMN15939764	Metagenome or environmental	68972403	NORWEGIAN UNIVERSITY OF LIFE SCIENCE	2016-11-12	public	0.52	2	7	7	Kit 2	7	marine biome[ENVO:00000447]	SRX9034651	Norway	Europe	Norway:arctic area	Salmo salar	UBERON:gastrointestinal system	Illumina MiSeq	not applicable	not applicable	70 N 22 E	467	PAIRED	PCR	METAGENOMIC	12	gut metagenome	ILLUMINA	2020-08-29T00:00:00Z	not applicable	2020-08-29T10:41:00Z	1	8 mL sterile tube with screw cap	liquid nitrogen	[''\, '']	467	digesta	Tissue sample	SRP279301	not applicable	['-80 Celsius'\, '']
SRR12545392	AMPLICON	601	45557272	PRJNA660116	SAMN15939763	Metagenome or environmental	29042135	NORWEGIAN UNIVERSITY OF LIFE SCIENCE	2016-11-12	public	0.62	2	9	9	Kit 2	9	marine biome[ENVO:00000447]	SRX9034650	Norway	Europe	Norway:arctic area	Salmo salar	UBERON:gastrointestinal system	Illumina MiSeq	not applicable	not applicable	70 N 22 E	463	PAIRED	PCR	METAGENOMIC	11	gut metagenome	ILLUMINA	2020-08-29T00:00:00Z	not applicable	2020-08-29T10:41:00Z	1	8 mL sterile tube with screw cap	liquid nitrogen	[''\, '']	463	digesta	Tissue sample	SRP279301	not applicable	['-80 Celsius'\, '']
SRR12545393	AMPLICON	601	97142393	PRJNA660116	SAMN15939782	Metagenome or environmental	56770510	NORWEGIAN UNIVERSITY OF LIFE SCIENCE	2017-04-20	public	0.68	2	9	9	Kit 2	9	marine biome[ENVO:00000447]	SRX9034649	Norway	Europe	Norway:arctic area	Salmo salar	UBERON:gastrointestinal system	Illumina MiSeq	not applicable	not applicable	70 N 22 E	669	PAIRED	PCR	METAGENOMIC	12	gut metagenome	ILLUMINA	2020-08-29T00:00:00Z	not applicable	2020-08-29T10:41:00Z	1	8 mL sterile tube with screw cap	liquid nitrogen	[''\, '']	669	digesta	Tissue sample	SRP279301	not applicable	['-80 Celsius'\, '']
SRR12545394	AMPLICON	600	67227198	PRJNA660116	SAMN15939781	Metagenome or environmental	40124471	NORWEGIAN UNIVERSITY OF LIFE SCIENCE	2017-04-20	public	2.44	2	8	8	Kit 2	8	marine biome[ENVO:00000447]	SRX9034648	Norway	Europe	Norway:arctic area	Salmo salar	UBERON:gastrointestinal system	Illumina MiSeq	not applicable	not applicable	70 N 22 E	668	PAIRED	PCR	METAGENOMIC	12	gut metagenome	ILLUMINA	2020-08-29T00:00:00Z	not applicable	2020-08-29T10:41:00Z	1	8 mL sterile tube with screw cap	liquid nitrogen	[''\, '']	668	digesta	Tissue sample	SRP279301	not applicable	['-80 Celsius'\, '']
SRR12545395	AMPLICON	601	74095314	PRJNA660116	SAMN15939780	Metagenome or environmental	44880299	NORWEGIAN UNIVERSITY OF LIFE SCIENCE	2017-04-20	public	0.18	2	7	7	Kit 2	7	marine biome[ENVO:00000447]	SRX9034647	Norway	Europe	Norway:arctic area	Salmo salar	UBERON:gastrointestinal system	Illumina MiSeq	not applicable	not applicable	70 N 22 E	667	PAIRED	PCR	METAGENOMIC	12	gut metagenome	ILLUMINA	2020-08-29T00:00:00Z	not applicable	2020-08-29T10:41:00Z	1	8 mL sterile tube with screw cap	liquid nitrogen	[''\, '']	667	digesta	Tissue sample	SRP279301	not applicable	['-80 Celsius'\, '']
SRR12545396	AMPLICON	600	44628716	PRJNA660116	SAMN15939762	Metagenome or environmental	26745171	NORWEGIAN UNIVERSITY OF LIFE SCIENCE	2016-11-12	public	0.92	2	8	8	Kit 2	8	marine biome[ENVO:00000447]	SRX9034646	Norway	Europe	Norway:arctic area	Salmo salar	UBERON:gastrointestinal system	Illumina MiSeq	not applicable	not applicable	70 N 22 E	462	PAIRED	PCR	METAGENOMIC	11	gut metagenome	ILLUMINA	2020-08-29T00:00:00Z	not applicable	2020-08-29T10:41:00Z	1	8 mL sterile tube with screw cap	liquid nitrogen	[''\, '']	462	digesta	Tissue sample	SRP279301	not applicable	['-80 Celsius'\, '']
SRR12545397	AMPLICON	601	84059811	PRJNA660116	SAMN15939779	Metagenome or environmental	49035535	NORWEGIAN UNIVERSITY OF LIFE SCIENCE	2017-04-20	public	0.66	2	9	9	Kit 2	9	marine biome[ENVO:00000447]	SRX9034645	Norway	Europe	Norway:arctic area	Salmo salar	UBERON:gastrointestinal system	Illumina MiSeq	not applicable	not applicable	70 N 22 E	663	PAIRED	PCR	METAGENOMIC	11	gut metagenome	ILLUMINA	2020-08-29T00:00:00Z	not applicable	2020-08-29T10:41:00Z	1	8 mL sterile tube with screw cap	liquid nitrogen	[''\, '']	663	digesta	Tissue sample	SRP279301	not applicable	['-80 Celsius'\, '']
SRR12545398	AMPLICON	600	61733930	PRJNA660116	SAMN15939778	Metagenome or environmental	37233204	NORWEGIAN UNIVERSITY OF LIFE SCIENCE	2017-04-20	public	1.13	2	8	8	Kit 2	8	marine biome[ENVO:00000447]	SRX9034644	Norway	Europe	Norway:arctic area	Salmo salar	UBERON:gastrointestinal system	Illumina MiSeq	not applicable	not applicable	70 N 22 E	662	PAIRED	PCR	METAGENOMIC	11	gut metagenome	ILLUMINA	2020-08-29T00:00:00Z	not applicable	2020-08-29T10:41:00Z	1	8 mL sterile tube with screw cap	liquid nitrogen	[''\, '']	662	digesta	Tissue sample	SRP279301	not applicable	['-80 Celsius'\, '']
SRR12545399	AMPLICON	601	102397428	PRJNA660116	SAMN15939777	Metagenome or environmental	61773313	NORWEGIAN UNIVERSITY OF LIFE SCIENCE	2017-04-20	public	0.4	2	7	7	Kit 2	7	marine biome[ENVO:00000447]	SRX9034643	Norway	Europe	Norway:arctic area	Salmo salar	UBERON:gastrointestinal system	Illumina MiSeq	not applicable	not applicable	70 N 22 E	661	PAIRED	PCR	METAGENOMIC	11	gut metagenome	ILLUMINA	2020-08-29T00:00:00Z	not applicable	2020-08-29T10:41:00Z	1	8 mL sterile tube with screw cap	liquid nitrogen	[''\, '']	661	digesta	Tissue sample	SRP279301	not applicable	['-80 Celsius'\, '']
SRR12545400	AMPLICON	601	29006999	PRJNA660116	SAMN15939776	Metagenome or environmental	16708830	NORWEGIAN UNIVERSITY OF LIFE SCIENCE	2017-04-20	public	1.19	2	6	6	Kit 2	6	marine biome[ENVO:00000447]	SRX9034642	Norway	Europe	Norway:arctic area	Salmo salar	UBERON:gastrointestinal system	Illumina MiSeq	not applicable	not applicable	70 N 22 E	657	PAIRED	PCR	METAGENOMIC	10	gut metagenome	ILLUMINA	2020-08-29T00:00:00Z	not applicable	2020-08-29T10:41:00Z	1	8 mL sterile tube with screw cap	liquid nitrogen	[''\, '']	657	digesta	Tissue sample	SRP279301	not applicable	['-80 Celsius'\, '']
SRR12545401	AMPLICON	599	136119077	PRJNA660116	SAMN15939775	Metagenome or environmental	89847188	NORWEGIAN UNIVERSITY OF LIFE SCIENCE	2017-04-20	public	1.06	2	5	5	Kit 2	5	marine biome[ENVO:00000447]	SRX9034641	Norway	Europe	Norway:arctic area	Salmo salar	UBERON:gastrointestinal system	Illumina MiSeq	not applicable	not applicable	70 N 22 E	656	PAIRED	PCR	METAGENOMIC	10	gut metagenome	ILLUMINA	2020-08-29T00:00:00Z	not applicable	2020-08-29T10:41:00Z	1	8 mL sterile tube with screw cap	liquid nitrogen	[''\, '']	656	digesta	Tissue sample	SRP279301	not applicable	['-80 Celsius'\, '']
SRR12545402	AMPLICON	600	63215957	PRJNA660116	SAMN15939774	Metagenome or environmental	41739652	NORWEGIAN UNIVERSITY OF LIFE SCIENCE	2017-04-20	public	2.21	2	4	4	Kit 2	4	marine biome[ENVO:00000447]	SRX9034640	Norway	Europe	Norway:arctic area	Salmo salar	UBERON:gastrointestinal system	Illumina MiSeq	not applicable	not applicable	70 N 22 E	655	PAIRED	PCR	METAGENOMIC	10	gut metagenome	ILLUMINA	2020-08-29T00:00:00Z	not applicable	2020-08-29T10:41:00Z	1	8 mL sterile tube with screw cap	liquid nitrogen	[''\, '']	655	digesta	Tissue sample	SRP279301	not applicable	['-80 Celsius'\, '']
SRR12545403	AMPLICON	601	39549394	PRJNA660116	SAMN15939773	Metagenome or environmental	22877543	NORWEGIAN UNIVERSITY OF LIFE SCIENCE	2017-04-20	public	2.06	2	6	6	Kit 2	6	marine biome[ENVO:00000447]	SRX9034639	Norway	Europe	Norway:arctic area	Salmo salar	UBERON:gastrointestinal system	Illumina MiSeq	not applicable	not applicable	70 N 22 E	654	PAIRED	PCR	METAGENOMIC	9	gut metagenome	ILLUMINA	2020-08-29T00:00:00Z	not applicable	2020-08-29T10:41:00Z	1	8 mL sterile tube with screw cap	liquid nitrogen	[''\, '']	654	digesta	Tissue sample	SRP279301	not applicable	['-80 Celsius'\, '']
SRR12545404	AMPLICON	601	95942518	PRJNA660116	SAMN15939772	Metagenome or environmental	64030171	NORWEGIAN UNIVERSITY OF LIFE SCIENCE	2017-04-20	public	0.98	2	5	5	Kit 2	5	marine biome[ENVO:00000447]	SRX9034638	Norway	Europe	Norway:arctic area	Salmo salar	UBERON:gastrointestinal system	Illumina MiSeq	not applicable	not applicable	70 N 22 E	651	PAIRED	PCR	METAGENOMIC	9	gut metagenome	ILLUMINA	2020-08-29T00:00:00Z	not applicable	2020-08-29T10:41:00Z	1	8 mL sterile tube with screw cap	liquid nitrogen	[''\, '']	651	digesta	Tissue sample	SRP279301	not applicable	['-80 Celsius'\, '']
SRR12545405	AMPLICON	600	145514367	PRJNA660116	SAMN15939771	Metagenome or environmental	95702721	NORWEGIAN UNIVERSITY OF LIFE SCIENCE	2017-04-20	public	4.1	2	4	4	Kit 2	4	marine biome[ENVO:00000447]	SRX9034637	Norway	Europe	Norway:arctic area	Salmo salar	UBERON:gastrointestinal system	Illumina MiSeq	not applicable	not applicable	70 N 22 E	649	PAIRED	PCR	METAGENOMIC	9	gut metagenome	ILLUMINA	2020-08-29T00:00:00Z	not applicable	2020-08-29T10:41:00Z	1	8 mL sterile tube with screw cap	liquid nitrogen	[''\, '']	649	digesta	Tissue sample	SRP279301	not applicable	['-80 Celsius'\, '']
SRR12545406	AMPLICON	601	131706190	PRJNA660116	SAMN15939770	Metagenome or environmental	89998388	NORWEGIAN UNIVERSITY OF LIFE SCIENCE	2017-04-20	public	0.9	2	3	3	Kit 2	3	marine biome[ENVO:00000447]	SRX9034636	Norway	Europe	Norway:arctic area	Salmo salar	UBERON:gastrointestinal system	Illumina MiSeq	not applicable	not applicable	70 N 22 E	646	PAIRED	PCR	METAGENOMIC	7	gut metagenome	ILLUMINA	2020-08-29T00:00:00Z	not applicable	2020-08-29T10:41:00Z	1	8 mL sterile tube with screw cap	liquid nitrogen	[''\, '']	646	digesta	Tissue sample	SRP279301	not applicable	['-80 Celsius'\, '']
SRR12545407	AMPLICON	600	87568184	PRJNA660116	SAMN15939761	Metagenome or environmental	52414771	NORWEGIAN UNIVERSITY OF LIFE SCIENCE	2016-11-12	public	0.7	2	7	7	Kit 2	7	marine biome[ENVO:00000447]	SRX9034635	Norway	Europe	Norway:arctic area	Salmo salar	UBERON:gastrointestinal system	Illumina MiSeq	not applicable	not applicable	70 N 22 E	461	PAIRED	PCR	METAGENOMIC	11	gut metagenome	ILLUMINA	2020-08-29T00:00:00Z	not applicable	2020-08-29T10:41:00Z	1	8 mL sterile tube with screw cap	liquid nitrogen	[''\, '']	461	digesta	Tissue sample	SRP279301	not applicable	['-80 Celsius'\, '']
SRR12545408	AMPLICON	598	44869829	PRJNA660116	SAMN15939760	Metagenome or environmental	27105238	NORWEGIAN UNIVERSITY OF LIFE SCIENCE	2016-11-12	public	0.49	2	6	6	Kit 2	6	marine biome[ENVO:00000447]	SRX9034634	Norway	Europe	Norway:arctic area	Salmo salar	UBERON:gastrointestinal system	Illumina MiSeq	not applicable	not applicable	70 N 22 E	458	PAIRED	PCR	METAGENOMIC	10	gut metagenome	ILLUMINA	2020-08-29T00:00:00Z	not applicable	2020-08-29T10:41:00Z	1	8 mL sterile tube with screw cap	liquid nitrogen	[''\, '']	458	digesta	Tissue sample	SRP279301	not applicable	['-80 Celsius'\, '']